title(freepik) Not found in this iteration,2024-05-22 23:59:09.263101
"
"
title(Memory Foam 5000 (5cm) Mattress Topper - 2? inch with Luxurious Cover) found in this iteration,2024-05-23 00:02:54.253359
"
"
title(the simple agency) Not found in this iteration,2024-05-23 00:04:37.132988
"
"
title(5cm Memory Foam Topper 5000 - 2? inch - Sleep Solutions Premium - Medium Density) Not found in this iteration,2024-05-23 00:12:36.700516
"
"
title(5cm Memory Foam Topper 5000 - 2? inch - Sleep Solutions Premium - Medium Density) Not found in this iteration,2024-05-23 00:12:37.714939
"
"
title(5cm Memory Foam Topper 5000 - 2? inch - Sleep Solutions Premium - Medium Density) Not found in this iteration,2024-05-23 00:12:38.744442
"
"
title(backmarket) Not found in this iteration,2024-05-23 00:15:25.994285
"
"
title(3ft Single - Jazz Mattress - Coil Spring - Multiple Colours - Visco Therapy Mattress) found in this iteration,2024-05-23 00:18:50.458159
"
"
title(3ft Single - Jazz Mattress - Coil Spring - Multiple Colours - Visco Therapy Mattress) found in this iteration,2024-05-23 00:19:33.545838
"
"
title(3ft Single - Jazz Mattress - Coil Spring - Multiple Colours - Visco Therapy Mattress) found in this iteration,2024-05-23 00:23:39.722612
"
"
title(3ft Single - Jazz Mattress - Coil Spring - Multiple Colours - Visco Therapy Mattress) Not found in this iteration,2024-05-23 00:23:41.469443
"
"
title(3ft Single - Jazz Mattress - Coil Spring - Multiple Colours - Visco Therapy Mattress) Not found in this iteration,2024-05-23 00:23:42.471278
"
"
title(3ft Single - Jazz Mattress - Coil Spring - Multiple Colours - Visco Therapy Mattress) Not found in this iteration,2024-05-23 00:23:43.474204
"
"
title(3ft Single - Jazz Mattress - Coil Spring - Multiple Colours - Visco Therapy Mattress) Not found in this iteration,2024-05-23 00:23:44.481856
"
"
title(3ft Single - Jazz Mattress - Coil Spring - Multiple Colours - Visco Therapy Mattress) Not found in this iteration,2024-05-23 00:23:45.484812
"
"
title(3ft Single - Jazz Mattress - Coil Spring - Multiple Colours - Visco Therapy Mattress) Not found in this iteration,2024-05-23 00:40:12.351987
"
"
title(3ft Single - Jazz Mattress - Coil Spring - Multiple Colours - Visco Therapy Mattress) Not found in this iteration,2024-05-23 00:44:43.958054
"
"
